Maze Type, Resolution, Solving Time, Short Corridors, Medium Corridors, Long Corridors, Seed
RecursiveDivision,16x16,2,02179,0,110,30,221413405
RecursiveDivision,16x16,0,2212524,0,118,27,470604606
RecursiveDivision,16x16,0,3070831,0,105,30,327060482
RecursiveDivision,16x16,0,09441376,0,115,25,373299073
RecursiveDivision,16x16,0,2155304,0,119,26,306941526
RecursiveDivision,16x16,0,4577637,0,118,26,261117887
RecursiveDivision,16x16,0,1020432,0,126,24,175609593
RecursiveDivision,16x16,0,2574921,0,116,27,523561914
RecursiveDivision,16x16,0,1001358,0,124,23,656569768
RecursiveDivision,16x16,0,2651215,0,111,33,872357494
RecursiveDivision,16x16,0,09346008,0,127,26,64148282
RecursiveDivision,16x16,0,2126694,0,126,20,603976969
RecursiveDivision,16x16,0,2336502,0,102,34,98983976
RecursiveDivision,16x16,0,3328323,0,129,23,60353846
RecursiveDivision,16x16,0,5397797,0,122,29,844518601
RecursiveDivision,16x16,0,1010895,0,107,32,181959918
RecursiveDivision,16x16,0,1401901,0,121,23,44264915
RecursiveDivision,16x16,0,202179,0,116,27,633984833
RecursiveDivision,16x16,0,1211166,0,109,33,568346508
RecursiveDivision,16x16,0,1049042,0,135,24,819202343
RecursiveDivision,16x16,0,1564026,0,120,25,607624009
RecursiveDivision,16x16,0,2403259,0,120,26,462823906
RecursiveDivision,16x16,0,2040863,0,133,20,833293852
RecursiveDivision,16x16,0,07152557,0,107,31,128434500
RecursiveDivision,16x16,0,2317429,0,121,25,487992889
RecursiveDivision,16x16,0,1087189,0,124,22,327457924
RecursiveDivision,16x16,0,2727509,0,102,31,333948040
RecursiveDivision,16x16,0,1964569,0,118,29,785911671
RecursiveDivision,16x16,0,07724762,0,138,14,663958936
RecursiveDivision,16x16,0,1144409,0,113,28,718211169
RecursiveDivision,16x16,0,07820129,0,123,22,751261236
RecursiveDivision,16x16,0,1859665,0,123,29,57631739
RecursiveDivision,16x16,0,2202988,0,98,29,836333726
RecursiveDivision,16x16,0,2574921,0,113,31,178811817
RecursiveDivision,16x16,0,1049042,0,112,29,527658633
RecursiveDivision,16x16,0,2193451,0,106,31,873775746
RecursiveDivision,16x16,0,1535416,0,122,27,626385069
RecursiveDivision,16x16,0,2689362,0,124,25,748866954
RecursiveDivision,16x16,0,08487701,0,110,27,420761403
RecursiveDivision,16x16,0,08964539,0,113,29,935963596
RecursiveDivision,16x16,0,1583099,0,116,28,919878414
RecursiveDivision,16x16,0,202179,0,114,28,854663061
RecursiveDivision,16x16,0,2660751,0,145,16,777404285
RecursiveDivision,16x16,0,2164841,0,108,27,18256319
RecursiveDivision,16x16,1,426697,0,123,26,81200673
RecursiveDivision,16x16,0,1325607,0,118,24,372067006
RecursiveDivision,16x16,0,1382828,0,128,25,191906903
RecursiveDivision,16x16,0,2155304,0,114,23,197745345
RecursiveDivision,16x16,0,1811981,0,124,21,632889583
RecursiveDivision,16x16,0,08201599,0,115,26,704200994
RecursiveDivision,16x16,0,1916885,0,125,24,323662875
RecursiveDivision,16x16,0,1478195,0,123,24,650568171
RecursiveDivision,16x16,0,2155304,0,107,27,261551909
RecursiveDivision,16x16,0,123024,0,122,26,241395980
RecursiveDivision,16x16,0,06771088,0,116,25,170160211
RecursiveDivision,16x16,0,08201599,0,101,32,900809354
RecursiveDivision,16x16,0,164032,0,118,25,334980445
RecursiveDivision,16x16,0,1125336,0,127,23,482182721
RecursiveDivision,16x16,0,1192093,0,120,25,350858417
RecursiveDivision,16x16,0,09727478,0,120,27,224166716
RecursiveDivision,16x16,1,544952,0,130,21,88691600
RecursiveDivision,16x16,0,2889633,0,120,28,378227330
RecursiveDivision,16x16,0,05817413,0,123,25,87773589
RecursiveDivision,16x16,0,1468658,0,127,29,502429590
RecursiveDivision,16x16,0,1602173,0,122,26,785513200
RecursiveDivision,16x16,0,08773804,0,116,27,111282388
RecursiveDivision,16x16,0,254631,0,121,22,975752395
RecursiveDivision,16x16,0,09059906,0,110,25,836305084
RecursiveDivision,16x16,0,2660751,0,122,26,235532139
RecursiveDivision,16x16,0,09059906,0,120,27,736206173
RecursiveDivision,16x16,0,1325607,0,130,25,712521260
RecursiveDivision,16x16,0,1802444,0,125,25,477533709
RecursiveDivision,16x16,0,1516342,0,118,28,884905619
RecursiveDivision,16x16,0,1659393,0,103,31,658844197
RecursiveDivision,16x16,0,2031326,0,117,26,345524443
RecursiveDivision,16x16,0,2775192,0,118,19,778917141
RecursiveDivision,16x16,0,125885,0,114,30,37453002
RecursiveDivision,16x16,0,2155304,0,128,23,804594833
RecursiveDivision,16x16,0,2403259,0,112,27,706552826
RecursiveDivision,16x16,0,08296967,0,117,32,999394156
RecursiveDivision,16x16,0,1440048,0,120,26,744756202
RecursiveDivision,16x16,0,1325607,0,106,29,915358730
RecursiveDivision,16x16,0,1544952,0,119,24,147571415
RecursiveDivision,16x16,0,05722046,0,105,28,135653163
RecursiveDivision,16x16,0,2727509,0,111,28,101613318
RecursiveDivision,16x16,0,1106262,0,134,22,543471453
RecursiveDivision,16x16,1,533508,0,128,25,403726042
RecursiveDivision,16x16,0,2822876,0,120,23,32135688
RecursiveDivision,16x16,0,1554489,0,120,23,116922518
RecursiveDivision,16x16,0,243187,0,121,27,259611461
RecursiveDivision,16x16,0,2603531,0,124,24,919964777
RecursiveDivision,16x16,0,2298355,0,107,32,102514845
RecursiveDivision,16x16,0,161171,0,127,23,891551676
RecursiveDivision,16x16,0,1077652,0,112,31,249635247
RecursiveDivision,16x16,0,2384186,0,105,32,118633067
RecursiveDivision,16x16,0,2222061,0,120,28,485419153
RecursiveDivision,16x16,0,1325607,0,114,30,460493990
RecursiveDivision,16x16,0,1411438,0,128,25,947321049
RecursiveDivision,16x16,0,1249313,0,133,23,873986347
RecursiveDivision,16x16,0,2651215,0,131,18,207784493
RecursiveDivision,32x32,4,501343,321,252,5,674447781
RecursiveDivision,32x32,2,439499,353,238,3,704120004
RecursiveDivision,32x32,0,6160736,359,243,2,158858782
RecursiveDivision,32x32,3,546715,350,239,1,199179353
RecursiveDivision,32x32,0,1869202,342,246,3,624133018
RecursiveDivision,32x32,2,258301,340,232,4,236428418
RecursiveDivision,32x32,0,5378723,349,232,4,694200095
RecursiveDivision,32x32,3,545761,339,258,0,308795258
RecursiveDivision,32x32,0,7867813,359,239,4,742714464
RecursiveDivision,32x32,2,094269,328,243,5,69972469
RecursiveDivision,32x32,0,5893707,346,231,2,41640285
RecursiveDivision,32x32,2,185822,335,246,3,714187597
RecursiveDivision,32x32,1,984596,370,241,2,54545341
RecursiveDivision,32x32,1,041412,310,276,0,143812965
RecursiveDivision,32x32,0,3213882,323,255,1,483264881
RecursiveDivision,32x32,0,2613068,353,248,2,457456325
RecursiveDivision,32x32,0,6122589,321,248,2,111012188
RecursiveDivision,32x32,2,715111,304,260,3,723381642
RecursiveDivision,32x32,2,687454,377,225,2,152331475
RecursiveDivision,32x32,0,6380081,323,249,4,130891045
RecursiveDivision,32x32,6,649017,357,250,0,291058288
RecursiveDivision,32x32,2,414703,324,245,5,285883802
RecursiveDivision,32x32,3,596306,391,221,2,340316853
RecursiveDivision,32x32,2,719879,339,237,4,719631005
RecursiveDivision,32x32,0,3986359,299,256,3,549314952
RecursiveDivision,32x32,1,907349,349,245,3,911181605
RecursiveDivision,32x32,2,476692,358,234,5,897895350
RecursiveDivision,32x32,0,2975464,344,243,2,785068893
RecursiveDivision,32x32,2,441406,303,265,2,736254629
RecursiveDivision,32x32,0,9231567,346,242,1,251447057
RecursiveDivision,32x32,2,643585,332,252,0,456613035
RecursiveDivision,32x32,6,25515,309,254,2,758972993
RecursiveDivision,32x32,2,31266,337,245,3,918317006
RecursiveDivision,32x32,0,3700256,303,265,1,379902741
RecursiveDivision,32x32,1,776695,347,240,0,985984102
RecursiveDivision,32x32,1,092911,331,251,2,994931788
RecursiveDivision,32x32,2,39563,333,253,2,993256787
RecursiveDivision,32x32,0,8430481,378,234,1,226659088
RecursiveDivision,32x32,2,356529,333,245,4,769195315
RecursiveDivision,32x32,2,358437,347,246,2,893256254
RecursiveDivision,32x32,0,6332397,333,244,1,198297234
RecursiveDivision,32x32,0,7896423,304,248,7,731818456
RecursiveDivision,32x32,0,369072,329,241,4,241252062
RecursiveDivision,32x32,0,5540848,328,248,2,993214492
RecursiveDivision,32x32,0,1945496,307,254,3,376420740
RecursiveDivision,32x32,2,697945,318,233,7,101842808
RecursiveDivision,32x32,0,418663,356,242,2,841251146
RecursiveDivision,32x32,2,570152,342,250,2,524839005
RecursiveDivision,32x32,2,753258,322,260,1,288100538
RecursiveDivision,32x32,4,932404,328,231,5,905702873
RecursiveDivision,32x32,2,372742,355,241,4,621102601
RecursiveDivision,32x32,0,5254745,398,220,2,871534374
RecursiveDivision,32x32,2,16198,304,250,4,483346148
RecursiveDivision,32x32,0,3433228,330,246,2,737103944
RecursiveDivision,32x32,1,59359,333,241,4,240548384
RecursiveDivision,32x32,2,682686,340,252,0,793140243
RecursiveDivision,32x32,0,4653931,323,253,2,310646623
RecursiveDivision,32x32,1,806259,317,230,5,662580987
RecursiveDivision,32x32,0,70858,290,264,0,771740206
RecursiveDivision,32x32,2,492905,340,245,3,638903994
RecursiveDivision,32x32,2,696037,333,260,1,177876178
RecursiveDivision,32x32,2,228737,356,233,2,453006505
RecursiveDivision,32x32,0,3795624,330,257,1,147668036
RecursiveDivision,32x32,2,72274,343,231,5,604277443
RecursiveDivision,32x32,0,3700256,364,242,4,637097159
RecursiveDivision,32x32,5,044937,313,260,1,668657966
RecursiveDivision,32x32,0,8506775,323,269,1,273017159
RecursiveDivision,32x32,1,613617,383,240,2,504411148
RecursiveDivision,32x32,0,7171631,361,237,0,502239062
RecursiveDivision,32x32,2,361298,335,250,2,182285252
RecursiveDivision,32x32,2,388,338,254,1,45692575
RecursiveDivision,32x32,2,246857,310,242,2,725427872
RecursiveDivision,32x32,1,056671,338,249,0,437499512
RecursiveDivision,32x32,1,836777,330,258,1,896497944
RecursiveDivision,32x32,2,571106,331,260,2,972740440
RecursiveDivision,32x32,0,6275177,338,241,3,110277321
RecursiveDivision,32x32,2,847672,378,223,6,335115284
RecursiveDivision,32x32,2,527237,352,245,2,432019942
RecursiveDivision,32x32,0,6103516,342,264,0,24182862
RecursiveDivision,32x32,1,792908,366,238,6,983491528
RecursiveDivision,32x32,0,9689331,370,230,2,28081224
RecursiveDivision,32x32,1,882553,349,240,1,831429052
RecursiveDivision,32x32,1,207352,338,246,2,333011689
RecursiveDivision,32x32,6,052017,310,268,0,20590605
RecursiveDivision,32x32,0,5340576,350,248,0,828916672
RecursiveDivision,32x32,2,016068,342,246,1,726117571
RecursiveDivision,32x32,0,3547668,319,250,1,469231240
RecursiveDivision,32x32,1,842499,353,242,2,39750667
RecursiveDivision,32x32,0,9422302,326,247,5,850165789
RecursiveDivision,32x32,2,132416,338,241,2,147870964
RecursiveDivision,32x32,0,8163452,348,244,1,758543358
RecursiveDivision,32x32,1,558304,332,236,4,363028767
RecursiveDivision,32x32,0,2479553,347,239,2,586279333
RecursiveDivision,32x32,0,4043579,356,247,2,251058665
RecursiveDivision,32x32,2,357483,328,247,4,632035530
RecursiveDivision,32x32,2,11525,315,261,0,79627182
RecursiveDivision,32x32,0,617981,337,252,1,385574900
RecursiveDivision,32x32,2,182007,339,244,3,844191913
RecursiveDivision,32x32,0,7572174,314,255,2,219485280
RecursiveDivision,32x32,2,693176,343,244,3,577967924
RecursiveDivision,64x64,17,17949,2288,77,0,361615044
RecursiveDivision,64x64,14,04572,2285,71,2,641915706
RecursiveDivision,64x64,6,587982,2328,62,0,300487005
RecursiveDivision,64x64,5,218506,2308,68,0,150708200
RecursiveDivision,64x64,17,6754,2304,60,0,818592455
RecursiveDivision,64x64,17,36069,2265,69,0,66123072
RecursiveDivision,64x64,6,364822,2253,67,1,994184533
RecursiveDivision,64x64,15,09094,2214,77,1,440354144
RecursiveDivision,64x64,8,430481,2324,72,0,67606647
RecursiveDivision,64x64,18,06259,2269,65,0,309167052
RecursiveDivision,64x64,11,64436,2355,76,0,124631548
RecursiveDivision,64x64,2,716064,2276,75,0,27497656
RecursiveDivision,64x64,11,59859,2301,63,1,699473990
RecursiveDivision,64x64,17,15469,2302,72,1,963369426
RecursiveDivision,64x64,3,398895,2230,80,1,32447621
RecursiveDivision,64x64,17,02118,2344,72,0,340305789
RecursiveDivision,64x64,7,354736,2294,71,0,377408920
RecursiveDivision,64x64,15,35416,2324,62,0,874526115
RecursiveDivision,64x64,7,423401,2213,94,0,170854157
RecursiveDivision,64x64,10,15282,2314,62,0,547050982
RecursiveDivision,64x64,4,69017,2316,71,0,773917861
RecursiveDivision,64x64,9,672165,2294,76,0,922201830
RecursiveDivision,64x64,21,86394,2301,68,0,312982674
RecursiveDivision,64x64,9,609222,2334,70,0,708490818
RecursiveDivision,64x64,13,11493,2266,72,0,566767629
RecursiveDivision,64x64,17,5457,2246,81,0,417799251
RecursiveDivision,64x64,2,500534,2231,78,0,200675515
RecursiveDivision,64x64,7,665634,2344,53,0,57942467
RecursiveDivision,64x64,7,076263,2256,72,0,43310491
RecursiveDivision,64x64,8,123398,2253,75,1,892332998
RecursiveDivision,64x64,6,746292,2319,67,0,136450730
RecursiveDivision,64x64,11,81793,2277,76,0,558777425
RecursiveDivision,64x64,7,69043,2272,74,0,839923398
RecursiveDivision,64x64,15,22827,2257,79,0,979059645
RecursiveDivision,64x64,7,730484,2281,81,0,952065224
RecursiveDivision,64x64,4,97818,2321,68,0,203999124
RecursiveDivision,64x64,16,33263,2310,81,0,461295255
RecursiveDivision,64x64,3,324509,2299,60,0,599564319
RecursiveDivision,64x64,7,125854,2291,58,1,200054325
RecursiveDivision,64x64,8,649826,2290,66,0,455052478
RecursiveDivision,64x64,16,84189,2281,67,0,470961952
RecursiveDivision,64x64,9,836197,2220,80,0,613107517
RecursiveDivision,64x64,3,276825,2329,68,0,37581823
RecursiveDivision,64x64,10,16617,2271,77,0,431631086
RecursiveDivision,64x64,9,016037,2300,73,0,827357881
RecursiveDivision,64x64,18,59856,2313,71,0,814086995
RecursiveDivision,64x64,3,240585,2249,69,0,742471782
RecursiveDivision,64x64,17,04979,2261,71,0,587997871
RecursiveDivision,64x64,4,301071,2280,79,1,288774971
RecursiveDivision,64x64,3,965378,2297,54,2,379708916
RecursiveDivision,64x64,16,08849,2306,59,0,809169879
RecursiveDivision,64x64,18,48984,2294,70,0,882924611
RecursiveDivision,64x64,12,46262,2259,85,0,759407427
RecursiveDivision,64x64,15,59639,2259,76,0,852565184
RecursiveDivision,64x64,6,816864,2276,65,0,504817694
RecursiveDivision,64x64,4,922867,2261,79,0,905949140
RecursiveDivision,64x64,11,20949,2247,69,2,905350350
RecursiveDivision,64x64,4,732132,2269,75,0,131400045
RecursiveDivision,64x64,17,58194,2271,70,0,276608013
RecursiveDivision,64x64,21,3623,2209,80,0,451496676
RecursiveDivision,64x64,6,788254,2287,74,0,594125555
RecursiveDivision,64x64,4,148483,2283,78,0,553377435
RecursiveDivision,64x64,6,828308,2290,69,0,441601716
RecursiveDivision,64x64,10,76126,2297,66,0,871495286
RecursiveDivision,64x64,18,06068,2310,57,0,618728572
RecursiveDivision,64x64,10,13184,2249,85,3,10883772
RecursiveDivision,64x64,11,22284,2302,72,0,948853190
RecursiveDivision,64x64,18,12744,2283,68,0,167425332
RecursiveDivision,64x64,12,14409,2263,76,0,372973879
RecursiveDivision,64x64,16,77895,2323,60,0,210808564
RecursiveDivision,64x64,15,20538,2243,76,1,194149977
RecursiveDivision,64x64,13,16452,2251,77,0,912607809
RecursiveDivision,64x64,19,34052,2310,72,0,530712009
RecursiveDivision,64x64,9,94873,2279,79,0,272214434
RecursiveDivision,64x64,9,391785,2282,75,0,156666243
RecursiveDivision,64x64,6,889343,2284,72,0,383571719
RecursiveDivision,64x64,2,975464,2328,64,1,168833573
RecursiveDivision,64x64,16,82091,2303,73,0,723926245
RecursiveDivision,64x64,7,200241,2196,80,1,129775521
RecursiveDivision,64x64,9,174347,2290,67,0,431592284
RecursiveDivision,64x64,5,950928,2322,65,0,925625140
RecursiveDivision,64x64,4,394531,2326,71,0,101960758
RecursiveDivision,64x64,2,693176,2269,79,0,559907868
RecursiveDivision,64x64,14,62364,2326,70,0,404607037
RecursiveDivision,64x64,2,576828,2288,70,0,128001833
RecursiveDivision,64x64,13,88741,2226,73,2,578686786
RecursiveDivision,64x64,8,985519,2290,78,0,517971063
RecursiveDivision,64x64,17,68112,2278,86,0,284903519
RecursiveDivision,64x64,18,90945,2269,68,0,574035488
RecursiveDivision,64x64,5,53894,2332,66,0,320504004
RecursiveDivision,64x64,11,48796,2225,83,0,904512008
RecursiveDivision,64x64,6,528854,2246,75,1,959428240
RecursiveDivision,64x64,18,69583,2299,79,0,529103566
RecursiveDivision,64x64,16,44707,2292,74,0,195647888
RecursiveDivision,64x64,7,118225,2289,67,0,151863749
RecursiveDivision,64x64,4,364014,2305,64,0,135144034
RecursiveDivision,64x64,16,41464,2311,71,0,484120827
RecursiveDivision,64x64,12,20703,2291,74,0,86978741
RecursiveDivision,64x64,18,62335,2265,72,0,484835665
RecursiveDivision,64x64,22,67075,2294,66,0,848687453
RecursiveDivision,128x128,36,57722,9526,4,0,905588096
RecursiveDivision,128x128,48,76709,9491,7,0,629773167
RecursiveDivision,128x128,130,5561,9461,5,0,63432315
RecursiveDivision,128x128,100,668,9408,9,0,767406949
RecursiveDivision,128x128,24,96147,9349,7,0,710025613
RecursiveDivision,128x128,47,67227,9491,5,0,980778158
RecursiveDivision,128x128,41,29791,9479,8,0,326813112
RecursiveDivision,128x128,149,2119,9373,6,0,68758306
RecursiveDivision,128x128,104,496,9387,5,0,74957254
RecursiveDivision,128x128,67,68417,9417,9,0,859217369
RecursiveDivision,128x128,38,99956,9446,5,0,925391061
RecursiveDivision,128x128,53,77388,9381,6,1,906418358
RecursiveDivision,128x128,112,8941,9349,6,0,470566768
RecursiveDivision,128x128,63,56621,9341,3,0,618359462
RecursiveDivision,128x128,61,26213,9334,14,0,9321349
RecursiveDivision,128x128,98,57941,9489,9,0,726371933
RecursiveDivision,128x128,103,1609,9390,5,0,533652997
RecursiveDivision,128x128,84,53941,9386,11,0,889027808
RecursiveDivision,128x128,105,9361,9343,5,0,632594812
RecursiveDivision,128x128,65,39536,9454,4,0,614873117
RecursiveDivision,128x128,39,92271,9458,6,0,50176810
RecursiveDivision,128x128,34,56116,9347,8,0,161521239
RecursiveDivision,128x128,82,90482,9332,5,1,844309427
RecursiveDivision,128x128,90,72876,9413,10,0,567974776
RecursiveDivision,128x128,24,05548,9377,4,0,87337680
RecursiveDivision,128x128,66,8087,9334,9,0,767488943
RecursiveDivision,128x128,31,43311,9510,3,0,55328819
RecursiveDivision,128x128,20,50591,9393,14,0,960893067
RecursiveDivision,128x128,18,69011,9353,7,0,265616726
RecursiveDivision,128x128,64,19754,9532,7,0,927403911
RecursiveDivision,128x128,134,6741,9352,9,1,224321913
RecursiveDivision,128x128,107,6412,9386,7,0,146333477
RecursiveDivision,128x128,13,79013,9373,17,0,182313732
RecursiveDivision,128x128,36,27968,9415,8,0,343581053
RecursiveDivision,128x128,72,4678,9409,7,0,47228388
RecursiveDivision,128x128,85,48927,9452,9,0,698988702
RecursiveDivision,128x128,99,22791,9376,8,0,90724760
RecursiveDivision,128x128,24,58572,9526,7,0,596571456
RecursiveDivision,128x128,85,97183,9488,5,0,378217149
RecursiveDivision,128x128,8,81958,9345,7,1,502881662
RecursiveDivision,128x128,119,4057,9419,6,1,860604787
RecursiveDivision,128x128,50,26436,9445,8,0,296579561
RecursiveDivision,128x128,109,7927,9380,7,0,993439850
RecursiveDivision,128x128,22,42088,9344,5,0,632096354
RecursiveDivision,128x128,92,78107,9435,7,0,239111980
RecursiveDivision,128x128,58,87413,9501,9,0,733178894
RecursiveDivision,128x128,147,2702,9502,5,0,328083811
RecursiveDivision,128x128,72,3362,9325,3,1,570402707
RecursiveDivision,128x128,88,44757,9431,3,1,252261008
RecursiveDivision,128x128,34,78622,9423,5,1,802184758
RecursiveDivision,128x128,122,673,9511,7,0,901367158
RecursiveDivision,128x128,11,75308,9296,8,0,712496367
RecursiveDivision,128x128,64,98528,9384,8,0,876027041
RecursiveDivision,128x128,130,1003,9362,6,0,602420454
RecursiveDivision,128x128,74,95117,9409,7,0,862056340
RecursiveDivision,128x128,125,6866,9461,4,0,169535019
RecursiveDivision,128x128,53,19023,9465,4,0,252163960
RecursiveDivision,128x128,96,71593,9535,2,0,970393006
RecursiveDivision,128x128,29,96826,9530,4,0,548136092
RecursiveDivision,128x128,33,3786,9314,5,0,35876915
RecursiveDivision,128x128,62,51717,9445,6,0,45231611
RecursiveDivision,128x128,118,6218,9400,8,0,497550728
RecursiveDivision,128x128,51,83029,9513,7,0,355699933
RecursiveDivision,128x128,96,3192,9378,7,0,675635081
RecursiveDivision,128x128,43,41316,9393,6,0,463806570
RecursiveDivision,128x128,69,33594,9369,3,0,917908879
RecursiveDivision,128x128,31,00204,9391,11,0,199085580
RecursiveDivision,128x128,15,84816,9392,6,0,496155092
RecursiveDivision,128x128,93,69659,9340,4,0,100391550
RecursiveDivision,128x128,39,23035,9347,8,0,484922637
RecursiveDivision,128x128,62,82425,9448,8,0,192618392
RecursiveDivision,128x128,70,61768,9444,10,0,195046323
RecursiveDivision,128x128,50,56763,9285,7,0,129612406
RecursiveDivision,128x128,29,10995,9377,13,0,570264029
RecursiveDivision,128x128,29,68407,9471,8,0,470595413
RecursiveDivision,128x128,20,6852,9520,5,1,46022103
RecursiveDivision,128x128,62,56866,9370,9,0,343790842
RecursiveDivision,128x128,33,48541,9467,3,0,90062055
RecursiveDivision,128x128,148,9353,9425,4,0,371934205
RecursiveDivision,128x128,119,1959,9395,6,0,510552863
RecursiveDivision,128x128,52,61993,9391,10,0,158843339
RecursiveDivision,128x128,75,25063,9301,11,0,306061165
RecursiveDivision,128x128,23,14758,9344,12,0,36806469
RecursiveDivision,128x128,19,96422,9364,14,1,39703333
RecursiveDivision,128x128,127,5902,9249,6,1,35223067
RecursiveDivision,128x128,16,34789,9353,7,0,483485027
RecursiveDivision,128x128,47,6284,9279,8,0,205724496
RecursiveDivision,128x128,56,37932,9483,8,0,693131876
RecursiveDivision,128x128,99,87259,9330,6,0,423583304
RecursiveDivision,128x128,103,8036,9439,3,0,582868131
RecursiveDivision,128x128,39,32381,9454,5,0,587087832
RecursiveDivision,128x128,38,26904,9445,6,0,54315306
RecursiveDivision,128x128,126,6708,9307,9,1,226434435
RecursiveDivision,128x128,15,46669,9431,9,0,90899500
RecursiveDivision,128x128,60,64224,9412,13,0,143477122
RecursiveDivision,128x128,34,65462,9352,7,0,110388203
RecursiveDivision,128x128,57,85751,9409,9,0,271964678
RecursiveDivision,128x128,33,5598,9448,3,0,614902045
RecursiveDivision,128x128,27,02332,9379,6,0,826664976
RecursiveDivision,128x128,55,70221,9461,5,0,162478209
RecursiveDivision,256x256,203,1021,37487,0,0,762565069
RecursiveDivision,256x256,844,1525,37493,1,0,677030592
RecursiveDivision,256x256,857,9636,37495,2,0,21073165
RecursiveDivision,256x256,343,811,37570,0,0,903549673
RecursiveDivision,256x256,279,7165,37562,1,0,740032076
RecursiveDivision,256x256,365,6177,37594,3,0,582318076
RecursiveDivision,256x256,201,2882,37742,1,0,576923861
RecursiveDivision,256x256,515,8348,37581,4,0,914260947
RecursiveDivision,256x256,236,599,37660,0,0,852827515
RecursiveDivision,256x256,505,5905,37601,2,0,998549258
RecursiveDivision,256x256,830,3394,37603,2,0,213230059
RecursiveDivision,256x256,839,9353,37621,3,0,990958555
RecursiveDivision,256x256,771,3623,37633,2,0,454844152
RecursiveDivision,256x256,483,4156,37634,1,0,564698644
RecursiveDivision,256x256,643,5165,37599,3,0,103747991
RecursiveDivision,256x256,551,9257,37726,0,0,743349655
RecursiveDivision,256x256,480,4153,37635,1,0,501360594
RecursiveDivision,256x256,825,9659,37684,4,0,465742457
RecursiveDivision,256x256,521,5416,37442,1,0,743057061
RecursiveDivision,256x256,398,1285,37579,3,0,426580974
RecursiveDivision,256x256,250,145,37690,2,0,833587477
RecursiveDivision,256x256,323,7915,37478,1,0,959285779
RecursiveDivision,256x256,437,1643,37731,5,0,29167659
RecursiveDivision,256x256,799,1066,37647,3,0,786226321
RecursiveDivision,256x256,758,3275,37513,3,1,958228344
RecursiveDivision,256x256,238,7085,37846,1,0,935036766
RecursiveDivision,256x256,1033,47,37824,0,0,715443847
RecursiveDivision,256x256,898,262,37679,1,0,141797577
RecursiveDivision,256x256,267,849,37777,3,0,574253072
RecursiveDivision,256x256,232,7805,37806,0,0,437448587
RecursiveDivision,256x256,374,8436,37761,1,0,128860709
RecursiveDivision,256x256,195,6329,37742,2,0,630751394
RecursiveDivision,256x256,563,7589,37735,2,0,265773368
RecursiveDivision,256x256,350,6126,37710,0,0,425342182
RecursiveDivision,256x256,705,0095,37722,2,0,896076715
RecursiveDivision,256x256,462,9326,37526,0,0,177046613
RecursiveDivision,256x256,237,7281,37958,2,0,345418694
RecursiveDivision,256x256,1042,774,37624,2,0,418929261
RecursiveDivision,256x256,884,3689,37855,3,0,742866523
RecursiveDivision,256x256,554,4319,37664,3,0,184457431
RecursiveDivision,256x256,626,3085,37603,0,1,229119963
RecursiveDivision,256x256,843,4868,37813,2,0,931290460
RecursiveDivision,256x256,253,9749,37752,0,0,92481703
RecursiveDivision,256x256,273,262,37678,0,0,246253333
RecursiveDivision,256x256,99,74289,37834,1,0,657065804
RecursiveDivision,256x256,208,6716,37639,3,1,902016299
RecursiveDivision,256x256,315,67,37838,1,0,943932914
RecursiveDivision,256x256,389,0991,37679,1,0,729855421
RecursiveDivision,256x256,733,059,37760,1,0,796087266
RecursiveDivision,256x256,188,7436,37664,1,0,321656660
RecursiveDivision,256x256,99,49112,37496,5,0,760785549
RecursiveDivision,256x256,555,2979,37842,2,0,196320775
RecursiveDivision,256x256,246,7537,37766,2,0,260126408
RecursiveDivision,256x256,199,4095,37641,1,0,58380214
RecursiveDivision,256x256,991,8213,37553,1,0,633042195
RecursiveDivision,256x256,452,4002,37659,1,0,742589860
RecursiveDivision,256x256,473,9952,37778,2,0,512246131
RecursiveDivision,256x256,623,0507,37606,0,0,539285464
RecursiveDivision,256x256,730,835,37836,0,0,912571739
RecursiveDivision,256x256,543,1176,37784,4,0,66759253
RecursiveDivision,256x256,343,3456,37720,2,0,189618743
RecursiveDivision,256x256,258,1978,37552,3,0,551468458
RecursiveDivision,256x256,283,2527,37818,2,0,794409796
RecursiveDivision,256x256,135,437,37624,1,0,988693211
RecursiveDivision,256x256,516,2391,37565,0,0,609440581
RecursiveDivision,256x256,623,4741,37471,2,0,433196158
RecursiveDivision,256x256,208,8203,37614,3,0,572899070
RecursiveDivision,256x256,832,9353,37626,1,0,150467751
RecursiveDivision,256x256,240,9515,37586,4,0,222991095
RecursiveDivision,256x256,913,6696,37558,1,0,874621881
RecursiveDivision,256x256,848,9342,37312,4,0,134415623
RecursiveDivision,256x256,598,8159,37662,2,0,533695628
RecursiveDivision,256x256,532,2647,37787,1,0,574422352
RecursiveDivision,256x256,479,2137,37721,2,0,957867927
RecursiveDivision,256x256,529,0451,37639,2,0,825915903
RecursiveDivision,256x256,423,5878,37674,4,0,35869226
RecursiveDivision,256x256,240,8638,37468,2,0,190107486
RecursiveDivision,256x256,689,5065,37635,1,0,869060008
RecursiveDivision,256x256,200,47,37618,3,0,336555684
RecursiveDivision,256x256,257,2327,37904,0,0,806013444
RecursiveDivision,256x256,824,4095,37562,1,0,61246824
RecursiveDivision,256x256,607,8262,37744,0,0,33997745
RecursiveDivision,256x256,230,1331,37762,1,0,7464313
RecursiveDivision,256x256,454,9255,37731,2,0,501573750
RecursiveDivision,256x256,756,5155,37754,1,0,747725993
RecursiveDivision,256x256,467,9947,37827,0,0,174752491
RecursiveDivision,256x256,292,7017,37802,0,0,104171283
RecursiveDivision,256x256,697,258,37702,0,0,863498645
RecursiveDivision,256x256,227,1194,37760,0,0,390647958
RecursiveDivision,256x256,552,8793,37579,2,0,952568171
RecursiveDivision,256x256,628,0975,37632,1,0,354727457
RecursiveDivision,256x256,157,8751,37682,1,0,48186268
RecursiveDivision,256x256,447,9294,37840,2,0,252740675
RecursiveDivision,256x256,707,2525,37704,1,0,661816826
RecursiveDivision,256x256,227,9129,37541,1,0,451161170
RecursiveDivision,256x256,889,183,37718,0,0,231821642
RecursiveDivision,256x256,153,3051,37481,4,0,134982339
RecursiveDivision,256x256,556,9534,37641,0,1,764068351
RecursiveDivision,256x256,479,3091,37841,0,0,76576225
RecursiveDivision,256x256,275,4974,37385,1,1,586619512
RecursiveBacktracker,16x16,0,1296997,0,87,36,110917141
RecursiveBacktracker,16x16,0,1525879,0,93,34,924267663
RecursiveBacktracker,16x16,0,1831055,0,108,30,223060434
RecursiveBacktracker,16x16,0,4196167,0,103,32,734910326
RecursiveBacktracker,16x16,0,1373291,0,92,30,166285582
RecursiveBacktracker,16x16,0,541687,0,110,27,989263138
RecursiveBacktracker,16x16,0,1678467,0,104,29,319604995
RecursiveBacktracker,16x16,0,09918213,0,105,29,454942656
RecursiveBacktracker,16x16,0,4806519,0,112,29,886162578
RecursiveBacktracker,16x16,0,2059937,0,100,29,376194186
RecursiveBacktracker,16x16,0,2059937,0,108,28,171514420
RecursiveBacktracker,16x16,0,1525879,0,113,25,743522661
RecursiveBacktracker,16x16,0,06866455,0,94,35,409287487
RecursiveBacktracker,16x16,0,08392334,0,90,32,558849978
RecursiveBacktracker,16x16,0,2670288,0,101,27,436051835
RecursiveBacktracker,16x16,0,1144409,0,95,32,392854145
RecursiveBacktracker,16x16,0,1754761,0,115,25,42087018
RecursiveBacktracker,16x16,0,1983643,0,104,27,355696365
RecursiveBacktracker,16x16,0,1449585,0,124,24,737788747
RecursiveBacktracker,16x16,0,1678467,0,102,32,65500833
RecursiveBacktracker,16x16,0,2059937,0,104,28,447548245
RecursiveBacktracker,16x16,0,1449585,0,97,33,802759646
RecursiveBacktracker,16x16,0,2593994,0,104,34,159858651
RecursiveBacktracker,16x16,0,1296997,0,122,24,9185006
RecursiveBacktracker,16x16,0,1831055,0,106,28,220103204
RecursiveBacktracker,16x16,0,09155273,0,85,36,949037189
RecursiveBacktracker,16x16,0,2441406,0,116,26,237754669
RecursiveBacktracker,16x16,0,2746582,0,92,33,349466236
RecursiveBacktracker,16x16,0,3433228,0,105,32,198530258
RecursiveBacktracker,16x16,0,1525879,0,102,31,164475542
RecursiveBacktracker,16x16,0,2212524,0,103,30,80561517
RecursiveBacktracker,16x16,0,09155273,0,105,32,514399694
RecursiveBacktracker,16x16,0,3509521,0,96,31,700753565
RecursiveBacktracker,16x16,0,2365112,0,89,28,3666660
RecursiveBacktracker,16x16,0,1373291,0,97,33,663843039
RecursiveBacktracker,16x16,0,25177,0,113,23,458545991
RecursiveBacktracker,16x16,0,2746582,0,98,31,533195663
RecursiveBacktracker,16x16,0,07629395,0,93,31,562599479
RecursiveBacktracker,16x16,0,289917,0,92,31,460241154
RecursiveBacktracker,16x16,0,2288818,0,107,26,38727095
RecursiveBacktracker,16x16,0,2670288,0,112,27,858881126
RecursiveBacktracker,16x16,0,09155273,0,95,30,727941599
RecursiveBacktracker,16x16,0,2746582,0,108,27,111396241
RecursiveBacktracker,16x16,0,06866455,0,109,23,813264717
RecursiveBacktracker,16x16,0,3204346,0,104,30,359934600
RecursiveBacktracker,16x16,0,1220703,0,94,31,683195939
RecursiveBacktracker,16x16,0,09918213,0,99,27,128855550
RecursiveBacktracker,16x16,0,213623,0,103,32,798568521
RecursiveBacktracker,16x16,0,06103516,0,97,33,165133002
RecursiveBacktracker,16x16,0,2365112,0,91,34,804072460
RecursiveBacktracker,16x16,2,7771,0,96,34,169526513
RecursiveBacktracker,16x16,0,08392334,0,94,30,573277548
RecursiveBacktracker,16x16,0,3433228,0,98,29,725536849
RecursiveBacktracker,16x16,0,2746582,0,87,35,200442958
RecursiveBacktracker,16x16,0,2365112,0,110,26,50628349
RecursiveBacktracker,16x16,0,2975464,0,89,37,347459021
RecursiveBacktracker,16x16,0,328064,0,108,29,727016714
RecursiveBacktracker,16x16,0,328064,0,96,30,152727612
RecursiveBacktracker,16x16,0,2746582,0,99,32,20168221
RecursiveBacktracker,16x16,0,2059937,0,86,32,506744938
RecursiveBacktracker,16x16,0,2822876,0,100,31,237088095
RecursiveBacktracker,16x16,0,09918213,0,94,34,323182207
RecursiveBacktracker,16x16,0,3356934,0,96,32,837472663
RecursiveBacktracker,16x16,0,1907349,0,94,32,70487934
RecursiveBacktracker,16x16,0,09918213,0,98,35,616427075
RecursiveBacktracker,16x16,0,2593994,0,97,31,30381077
RecursiveBacktracker,16x16,0,1373291,0,86,36,820993152
RecursiveBacktracker,16x16,0,09155273,0,101,31,288330744
RecursiveBacktracker,16x16,0,1983643,0,95,32,413778999
RecursiveBacktracker,16x16,0,05340576,0,111,29,370162499
RecursiveBacktracker,16x16,0,06866455,0,88,37,271207181
RecursiveBacktracker,16x16,0,09155273,0,105,31,258756825
RecursiveBacktracker,16x16,0,1754761,0,88,34,457537704
RecursiveBacktracker,16x16,0,3204346,0,106,32,795579310
RecursiveBacktracker,16x16,0,04577637,0,107,27,161344712
RecursiveBacktracker,16x16,0,3585815,0,103,28,202965207
RecursiveBacktracker,16x16,0,1602173,0,107,32,507703795
RecursiveBacktracker,16x16,0,2593994,0,105,32,762626879
RecursiveBacktracker,16x16,0,3509521,0,110,30,933970176
RecursiveBacktracker,16x16,0,2441406,0,97,32,174968649
RecursiveBacktracker,16x16,0,1296997,0,112,28,761869834
RecursiveBacktracker,16x16,0,1296997,0,101,33,886671135
RecursiveBacktracker,16x16,0,1602173,0,98,34,572009360
RecursiveBacktracker,16x16,0,2059937,0,109,27,896643563
RecursiveBacktracker,16x16,0,07629395,0,87,34,597053864
RecursiveBacktracker,16x16,0,289917,0,112,29,506315695
RecursiveBacktracker,16x16,0,09155273,0,101,30,140878019
RecursiveBacktracker,16x16,0,1144409,0,106,29,912285631
RecursiveBacktracker,16x16,0,25177,0,101,29,173637861
RecursiveBacktracker,16x16,0,1678467,0,103,29,956487284
RecursiveBacktracker,16x16,0,2593994,0,116,31,695613628
RecursiveBacktracker,16x16,0,05340576,0,99,28,248850125
RecursiveBacktracker,16x16,0,09918213,0,111,28,469276861
RecursiveBacktracker,16x16,0,07629395,0,105,28,120217604
RecursiveBacktracker,16x16,0,3128052,0,120,27,440370913
RecursiveBacktracker,16x16,0,1220703,0,88,35,412867934
RecursiveBacktracker,16x16,0,289917,0,110,30,252892951
RecursiveBacktracker,16x16,0,2212524,0,110,27,654499604
RecursiveBacktracker,16x16,2,868652,0,94,28,173118776
RecursiveBacktracker,16x16,0,3356934,0,81,31,281607459
RecursiveBacktracker,32x32,0,8010864,231,273,3,640584284
RecursiveBacktracker,32x32,1,76239,278,258,5,650625828
RecursiveBacktracker,32x32,5,2948,297,252,1,466745327
RecursiveBacktracker,32x32,5,889893,290,252,2,328692400
RecursiveBacktracker,32x32,0,6484985,258,247,4,194196171
RecursiveBacktracker,32x32,2,02179,292,261,1,939566557
RecursiveBacktracker,32x32,4,592896,261,269,2,368261969
RecursiveBacktracker,32x32,1,838684,307,243,2,316797684
RecursiveBacktracker,32x32,4,882813,319,242,5,381212995
RecursiveBacktracker,32x32,6,385803,275,246,3,198160737
RecursiveBacktracker,32x32,3,578186,297,259,2,117533760
RecursiveBacktracker,32x32,3,158569,288,255,5,186328783
RecursiveBacktracker,32x32,0,9231567,279,262,2,287989550
RecursiveBacktracker,32x32,4,631042,264,263,2,78500919
RecursiveBacktracker,32x32,3,829956,257,259,3,562885350
RecursiveBacktracker,32x32,9,864807,279,263,5,947120863
RecursiveBacktracker,32x32,7,835388,285,257,2,161818289
RecursiveBacktracker,32x32,8,804321,250,254,6,496905095
RecursiveBacktracker,32x32,2,906799,279,261,4,708226631
RecursiveBacktracker,32x32,0,3433228,301,258,1,232061870
RecursiveBacktracker,32x32,0,2441406,285,258,2,584443662
RecursiveBacktracker,32x32,0,3967285,261,263,4,570037799
RecursiveBacktracker,32x32,2,357483,284,253,4,880115808
RecursiveBacktracker,32x32,0,9078979,286,253,4,292859750
RecursiveBacktracker,32x32,0,3814697,270,262,1,254567768
RecursiveBacktracker,32x32,0,3585815,292,247,1,220138757
RecursiveBacktracker,32x32,4,981995,265,261,3,160547839
RecursiveBacktracker,32x32,6,530762,314,261,0,314849592
RecursiveBacktracker,32x32,5,203247,299,253,3,797961944
RecursiveBacktracker,32x32,2,471924,282,264,5,204525328
RecursiveBacktracker,32x32,8,865356,282,263,4,915404925
RecursiveBacktracker,32x32,0,5569458,273,253,4,797250374
RecursiveBacktracker,32x32,5,638123,273,270,4,48652892
RecursiveBacktracker,32x32,3,074646,302,239,5,987189102
RecursiveBacktracker,32x32,0,50354,316,247,1,224812713
RecursiveBacktracker,32x32,3,013611,280,253,5,882964035
RecursiveBacktracker,32x32,8,163452,290,259,2,705081816
RecursiveBacktracker,32x32,0,8087158,302,245,5,977183746
RecursiveBacktracker,32x32,0,8544922,267,262,4,232623384
RecursiveBacktracker,32x32,0,5187988,282,255,4,217624671
RecursiveBacktracker,32x32,3,166199,286,257,2,244356498
RecursiveBacktracker,32x32,0,7476807,285,254,4,92100940
RecursiveBacktracker,32x32,6,813049,274,244,3,937512100
RecursiveBacktracker,32x32,0,4959106,309,231,7,886894549
RecursiveBacktracker,32x32,5,53894,289,247,2,532593609
RecursiveBacktracker,32x32,2,632141,272,248,3,258281002
RecursiveBacktracker,32x32,3,089905,287,256,3,57697108
RecursiveBacktracker,32x32,7,331848,303,254,2,110792201
RecursiveBacktracker,32x32,5,455017,279,269,1,936827116
RecursiveBacktracker,32x32,8,010864,265,250,5,745749383
RecursiveBacktracker,32x32,2,227783,282,255,1,88941418
RecursiveBacktracker,32x32,5,889893,302,258,1,193999087
RecursiveBacktracker,32x32,0,8163452,273,259,5,929796242
RecursiveBacktracker,32x32,3,791809,261,258,5,223620621
RecursiveBacktracker,32x32,0,4272461,272,254,2,158538955
RecursiveBacktracker,32x32,10,25391,275,250,4,502624762
RecursiveBacktracker,32x32,2,998352,281,255,2,664801828
RecursiveBacktracker,32x32,3,700256,259,253,4,453058072
RecursiveBacktracker,32x32,8,880615,277,258,1,570841375
RecursiveBacktracker,32x32,2,555847,294,250,1,93109393
RecursiveBacktracker,32x32,3,112793,272,245,4,688966075
RecursiveBacktracker,32x32,3,578186,307,262,0,524607619
RecursiveBacktracker,32x32,2,166748,276,260,4,18221609
RecursiveBacktracker,32x32,0,4653931,288,243,2,530707180
RecursiveBacktracker,32x32,2,883911,294,246,3,637263352
RecursiveBacktracker,32x32,7,339478,298,238,3,304368897
RecursiveBacktracker,32x32,0,2441406,280,257,4,638206482
RecursiveBacktracker,32x32,2,838135,277,253,4,553541686
RecursiveBacktracker,32x32,0,7171631,281,259,2,317279386
RecursiveBacktracker,32x32,3,059387,312,224,5,532963407
RecursiveBacktracker,32x32,9,994507,259,265,3,981806402
RecursiveBacktracker,32x32,2,578735,259,266,4,24089243
RecursiveBacktracker,32x32,11,2915,270,273,2,988691113
RecursiveBacktracker,32x32,2,891541,286,259,4,395316631
RecursiveBacktracker,32x32,3,143311,284,273,3,7332032
RecursiveBacktracker,32x32,3,715515,309,247,4,219984514
RecursiveBacktracker,32x32,8,201599,302,252,0,928830207
RecursiveBacktracker,32x32,0,5187988,266,269,4,93207197
RecursiveBacktracker,32x32,4,684448,313,248,2,80063149
RecursiveBacktracker,32x32,9,780884,282,245,7,751741769
RecursiveBacktracker,32x32,5,775452,295,258,3,728874649
RecursiveBacktracker,32x32,2,975464,288,242,3,807213902
RecursiveBacktracker,32x32,7,911682,270,241,5,769477191
RecursiveBacktracker,32x32,5,310059,271,252,4,456757327
RecursiveBacktracker,32x32,5,79071,296,252,3,144014294
RecursiveBacktracker,32x32,0,4348755,263,255,2,985780198
RecursiveBacktracker,32x32,9,239197,281,253,3,539823572
RecursiveBacktracker,32x32,3,639221,257,269,4,423848356
RecursiveBacktracker,32x32,2,754211,281,261,5,31133233
RecursiveBacktracker,32x32,2,998352,310,234,5,461710035
RecursiveBacktracker,32x32,0,3585815,299,252,4,669196257
RecursiveBacktracker,32x32,3,196716,304,247,4,447302089
RecursiveBacktracker,32x32,0,3356934,272,250,4,929107897
RecursiveBacktracker,32x32,2,204895,307,250,2,431312237
RecursiveBacktracker,32x32,3,059387,275,250,5,125635309
RecursiveBacktracker,32x32,0,3128052,270,270,2,390419230
RecursiveBacktracker,32x32,6,500244,282,267,3,462831982
RecursiveBacktracker,32x32,0,2212524,281,259,2,56845106
RecursiveBacktracker,32x32,4,882813,243,273,2,27054140
RecursiveBacktracker,32x32,2,861023,293,259,4,307584034
RecursiveBacktracker,64x64,41,47339,2079,98,0,3487914
RecursiveBacktracker,64x64,79,14734,2082,99,0,635331433
RecursiveBacktracker,64x64,35,21729,2152,88,0,314702778
RecursiveBacktracker,64x64,31,22711,2123,84,0,113610981
RecursiveBacktracker,64x64,62,71362,2102,99,0,130118960
RecursiveBacktracker,64x64,36,06415,2083,108,0,133472220
RecursiveBacktracker,64x64,86,60126,2125,90,0,467115171
RecursiveBacktracker,64x64,54,5578,2121,87,0,76473776
RecursiveBacktracker,64x64,60,20355,2086,95,0,205623703
RecursiveBacktracker,64x64,38,33771,2075,95,0,917579293
RecursiveBacktracker,64x64,5,325317,2057,94,0,514560218
RecursiveBacktracker,64x64,17,35687,2097,91,0,603001557
RecursiveBacktracker,64x64,3,562927,2057,106,0,369419473
RecursiveBacktracker,64x64,44,69299,2072,104,0,669598086
RecursiveBacktracker,64x64,8,575439,2092,93,0,73366703
RecursiveBacktracker,64x64,14,05334,2094,94,0,825653071
RecursiveBacktracker,64x64,37,33063,2168,79,0,178936430
RecursiveBacktracker,64x64,35,2478,2081,96,0,109943657
RecursiveBacktracker,64x64,11,58142,2151,80,0,103660860
RecursiveBacktracker,64x64,3,02124,2173,79,0,842348406
RecursiveBacktracker,64x64,52,91748,2058,101,0,649560372
RecursiveBacktracker,64x64,5,973816,2079,97,0,110229233
RecursiveBacktracker,64x64,66,93268,2071,87,0,170568334
RecursiveBacktracker,64x64,42,72461,2079,96,0,651806157
RecursiveBacktracker,64x64,48,96545,2110,90,0,46259119
RecursiveBacktracker,64x64,49,08752,2154,92,0,469955508
RecursiveBacktracker,64x64,46,27991,2048,107,0,57713211
RecursiveBacktracker,64x64,29,31976,2107,96,0,406937574
RecursiveBacktracker,64x64,64,99481,2103,95,0,255903745
RecursiveBacktracker,64x64,3,448486,2088,107,0,304181220
RecursiveBacktracker,64x64,43,38074,2073,99,0,57790521
RecursiveBacktracker,64x64,28,93066,2055,97,0,764824563
RecursiveBacktracker,64x64,33,50067,2106,101,0,667705105
RecursiveBacktracker,64x64,43,16711,2032,101,0,383738844
RecursiveBacktracker,64x64,60,70709,2170,86,0,414758007
RecursiveBacktracker,64x64,43,06793,2079,97,0,136238475
RecursiveBacktracker,64x64,19,95087,2135,83,0,147579657
RecursiveBacktracker,64x64,48,84338,2128,81,0,433343585
RecursiveBacktracker,64x64,39,25323,2109,84,0,898419642
RecursiveBacktracker,64x64,34,37805,2092,101,0,676537450
RecursiveBacktracker,64x64,8,552551,2144,97,0,493138449
RecursiveBacktracker,64x64,57,31964,2110,101,0,384816273
RecursiveBacktracker,64x64,1,998901,2190,79,0,74079961
RecursiveBacktracker,64x64,1,38092,2073,99,0,13458250
RecursiveBacktracker,64x64,70,17517,2063,98,0,80107263
RecursiveBacktracker,64x64,32,52411,2122,94,0,496572739
RecursiveBacktracker,64x64,56,80847,2152,85,0,705325029
RecursiveBacktracker,64x64,41,19873,2159,81,0,780286620
RecursiveBacktracker,64x64,4,745483,2178,77,0,783454903
RecursiveBacktracker,64x64,26,58081,2070,102,0,763159724
RecursiveBacktracker,64x64,4,547119,2072,100,0,94493951
RecursiveBacktracker,64x64,14,12201,2100,91,0,614196123
RecursiveBacktracker,64x64,33,50067,2119,92,0,623682827
RecursiveBacktracker,64x64,24,69635,2066,96,0,131235300
RecursiveBacktracker,64x64,8,880615,2132,84,0,145318362
RecursiveBacktracker,64x64,31,23474,2114,94,0,873751516
RecursiveBacktracker,64x64,52,14691,2084,108,0,886135288
RecursiveBacktracker,64x64,5,241394,2127,96,0,468487051
RecursiveBacktracker,64x64,68,51959,2159,84,0,298180561
RecursiveBacktracker,64x64,47,69897,2181,82,0,337133526
RecursiveBacktracker,64x64,17,82227,2115,103,0,774176202
RecursiveBacktracker,64x64,22,92633,2122,100,0,606650518
RecursiveBacktracker,64x64,26,6571,2124,95,0,188199315
RecursiveBacktracker,64x64,73,32611,2099,105,0,961431547
RecursiveBacktracker,64x64,37,81891,2116,84,0,761056670
RecursiveBacktracker,64x64,60,82916,2110,96,0,493077099
RecursiveBacktracker,64x64,3,326416,2137,93,0,447432245
RecursiveBacktracker,64x64,58,7616,2117,90,0,173802694
RecursiveBacktracker,64x64,26,49689,2130,88,0,39743124
RecursiveBacktracker,64x64,27,21405,2138,98,0,28304045
RecursiveBacktracker,64x64,53,19214,2009,117,0,418244982
RecursiveBacktracker,64x64,9,803772,2186,77,0,206690136
RecursiveBacktracker,64x64,51,75781,2099,102,0,599233784
RecursiveBacktracker,64x64,28,69415,2087,102,0,298899267
RecursiveBacktracker,64x64,67,83295,2074,108,0,759308484
RecursiveBacktracker,64x64,8,003235,2086,103,0,252044970
RecursiveBacktracker,64x64,41,38947,2119,97,0,581111944
RecursiveBacktracker,64x64,41,29028,2126,88,0,917479266
RecursiveBacktracker,64x64,12,03918,2076,121,0,707788945
RecursiveBacktracker,64x64,39,54315,2091,97,0,67958136
RecursiveBacktracker,64x64,41,47339,2092,98,0,784077381
RecursiveBacktracker,64x64,69,65637,2095,91,0,180985459
RecursiveBacktracker,64x64,18,02063,2075,104,0,908141884
RecursiveBacktracker,64x64,32,69196,2153,98,0,941789020
RecursiveBacktracker,64x64,43,28156,2111,85,0,37938365
RecursiveBacktracker,64x64,56,77795,2061,100,0,798098887
RecursiveBacktracker,64x64,67,00134,2082,95,0,647786925
RecursiveBacktracker,64x64,46,32568,2115,103,0,402550445
RecursiveBacktracker,64x64,41,61835,2117,88,0,427016262
RecursiveBacktracker,64x64,18,73779,2104,89,0,518842442
RecursiveBacktracker,64x64,35,5835,2066,99,0,336778127
RecursiveBacktracker,64x64,26,74866,2062,102,0,623611094
RecursiveBacktracker,64x64,31,98242,2073,109,0,850811284
RecursiveBacktracker,64x64,14,80103,2121,98,0,63761354
RecursiveBacktracker,64x64,16,0141,2111,97,0,76395857
RecursiveBacktracker,64x64,70,09888,2108,93,0,47165520
RecursiveBacktracker,64x64,49,74365,2089,108,0,132027760
RecursiveBacktracker,64x64,6,67572,2079,100,0,693190065
RecursiveBacktracker,64x64,11,4212,2103,101,0,670828891
RecursiveBacktracker,64x64,19,3634,2160,83,0,572579431
RecursiveBacktracker,128x128,556,0989,8915,4,0,841406795
RecursiveBacktracker,128x128,41,91589,8956,3,0,141435964
RecursiveBacktracker,128x128,656,5857,8867,4,0,111380188
RecursiveBacktracker,128x128,184,4482,8867,5,0,517777656
RecursiveBacktracker,128x128,534,7137,8861,3,0,291786514
RecursiveBacktracker,128x128,93,56689,8820,8,0,619224604
RecursiveBacktracker,128x128,76,78986,8902,7,0,597718320
RecursiveBacktracker,128x128,496,4371,8847,7,0,204905185
RecursiveBacktracker,128x128,517,5705,9014,7,0,391557902
RecursiveBacktracker,128x128,277,5726,8915,2,0,626207420
RecursiveBacktracker,128x128,117,5003,8823,3,0,604498544
RecursiveBacktracker,128x128,161,1862,8906,5,0,146773883
RecursiveBacktracker,128x128,455,2231,8907,3,0,849728520
RecursiveBacktracker,128x128,517,1204,8830,4,0,227205958
RecursiveBacktracker,128x128,516,3498,8934,4,0,99335511
RecursiveBacktracker,128x128,51,96381,8917,5,0,430984644
RecursiveBacktracker,128x128,498,5733,8856,2,0,479856857
RecursiveBacktracker,128x128,335,1212,8879,4,0,277961965
RecursiveBacktracker,128x128,330,0018,8958,3,0,415717845
RecursiveBacktracker,128x128,479,6219,8931,3,0,349875962
RecursiveBacktracker,128x128,89,46228,8789,2,0,482702988
RecursiveBacktracker,128x128,558,1055,8870,4,0,617536259
RecursiveBacktracker,128x128,94,10858,8897,8,0,864528197
RecursiveBacktracker,128x128,205,7037,8909,5,0,576136735
RecursiveBacktracker,128x128,689,3692,8946,1,0,180695563
RecursiveBacktracker,128x128,211,2579,8965,1,0,146625924
RecursiveBacktracker,128x128,30,28107,8837,4,0,268269193
RecursiveBacktracker,128x128,466,2399,8785,7,0,333757307
RecursiveBacktracker,128x128,568,2068,8879,2,0,925093668
RecursiveBacktracker,128x128,260,5209,8866,5,0,793166355
RecursiveBacktracker,128x128,562,7594,8861,3,0,732554174
RecursiveBacktracker,128x128,511,1389,8822,5,0,393310578
RecursiveBacktracker,128x128,57,44171,8956,4,0,654148051
RecursiveBacktracker,128x128,132,431,8922,2,0,964154020
RecursiveBacktracker,128x128,45,21179,8917,3,0,777322850
RecursiveBacktracker,128x128,749,4278,8829,3,0,783135873
RecursiveBacktracker,128x128,48,3551,8937,4,0,931844843
RecursiveBacktracker,128x128,427,1317,8924,8,0,680654401
RecursiveBacktracker,128x128,431,3507,8900,4,0,218709196
RecursiveBacktracker,128x128,73,34137,8817,5,0,46770570
RecursiveBacktracker,128x128,570,015,8885,2,0,121461426
RecursiveBacktracker,128x128,656,5704,8982,1,0,472250034
RecursiveBacktracker,128x128,676,1093,8759,3,0,270387743
RecursiveBacktracker,128x128,465,3091,8831,3,0,781438433
RecursiveBacktracker,128x128,182,1671,8877,4,0,864165923
RecursiveBacktracker,128x128,684,3414,8899,7,0,730998763
RecursiveBacktracker,128x128,60,69183,8899,10,0,209767144
RecursiveBacktracker,128x128,918,8385,8858,5,0,127948481
RecursiveBacktracker,128x128,461,4182,8867,5,0,993953581
RecursiveBacktracker,128x128,40,44342,8880,5,0,822364777
RecursiveBacktracker,128x128,244,1635,8884,5,0,851294369
RecursiveBacktracker,128x128,339,3173,8904,2,0,65216909
RecursiveBacktracker,128x128,645,1187,8876,4,0,210279790
RecursiveBacktracker,128x128,205,8487,8926,1,0,903537116
RecursiveBacktracker,128x128,312,3093,8899,3,0,777940207
RecursiveBacktracker,128x128,597,7402,8779,5,0,73596596
RecursiveBacktracker,128x128,627,7466,8759,2,0,869078787
RecursiveBacktracker,128x128,430,5878,8957,3,0,192225282
RecursiveBacktracker,128x128,764,9002,8987,3,0,335522890
RecursiveBacktracker,128x128,619,0414,8843,4,0,493339878
RecursiveBacktracker,128x128,352,1423,8935,3,0,31412950
RecursiveBacktracker,128x128,92,75055,8941,6,0,339835886
RecursiveBacktracker,128x128,122,7264,8909,7,0,146935462
RecursiveBacktracker,128x128,523,613,8913,5,0,660581194
RecursiveBacktracker,128x128,146,4005,8861,1,0,517576446
RecursiveBacktracker,128x128,606,6284,8924,3,0,561995984
RecursiveBacktracker,128x128,346,817,8832,6,0,270720192
RecursiveBacktracker,128x128,584,9609,8896,5,0,44218138
RecursiveBacktracker,128x128,93,03284,8797,5,0,348873170
RecursiveBacktracker,128x128,286,9568,8956,3,0,712344754
RecursiveBacktracker,128x128,125,6561,8817,8,0,323138507
RecursiveBacktracker,128x128,83,61816,8834,3,0,13324790
RecursiveBacktracker,128x128,688,7436,8852,1,0,666296800
RecursiveBacktracker,128x128,393,0817,8889,0,0,713445754
RecursiveBacktracker,128x128,554,1992,8912,4,0,230397345
RecursiveBacktracker,128x128,642,662,8922,2,0,920048010
RecursiveBacktracker,128x128,13,20648,8873,2,0,322991880
RecursiveBacktracker,128x128,337,7457,8949,3,0,484424748
RecursiveBacktracker,128x128,569,7708,8823,8,0,897136588
RecursiveBacktracker,128x128,134,1858,8798,6,0,449972506
RecursiveBacktracker,128x128,641,6931,8895,5,0,552210806
RecursiveBacktracker,128x128,34,5993,8859,7,0,747055016
RecursiveBacktracker,128x128,711,8759,8795,3,0,25166504
RecursiveBacktracker,128x128,501,8158,8909,8,0,453524742
RecursiveBacktracker,128x128,340,7898,8903,2,0,945535802
RecursiveBacktracker,128x128,585,2737,8993,4,0,520648410
RecursiveBacktracker,128x128,150,3372,8832,6,0,308455840
RecursiveBacktracker,128x128,591,4917,8781,3,0,45196673
RecursiveBacktracker,128x128,686,1954,8882,5,0,223318328
RecursiveBacktracker,128x128,65,59753,8916,1,0,677497059
RecursiveBacktracker,128x128,616,1118,8926,4,0,271080405
RecursiveBacktracker,128x128,180,5344,8893,7,0,695208583
RecursiveBacktracker,128x128,277,1149,8830,4,0,657863909
RecursiveBacktracker,128x128,366,8823,8952,4,0,120953646
RecursiveBacktracker,128x128,311,5234,8919,4,0,224570435
RecursiveBacktracker,128x128,49,61395,8933,4,0,172233141
RecursiveBacktracker,128x128,440,4907,8917,5,0,102128584
RecursiveBacktracker,128x128,526,68,8896,3,0,650748103
RecursiveBacktracker,128x128,602,066,8787,2,0,791262663
RecursiveBacktracker,128x128,32,50122,8859,7,0,307338373
RecursiveBacktracker,256x256,945,6253,35579,0,0,295986777
RecursiveBacktracker,256x256,8697,182,35808,0,0,722268062
RecursiveBacktracker,256x256,1005,539,35822,0,0,910455153
RecursiveBacktracker,256x256,3117,05,35872,0,0,416064016
RecursiveBacktracker,256x256,5789,154,35602,0,0,303521796
RecursiveBacktracker,256x256,1829,224,35506,0,0,764375601
RecursiveBacktracker,256x256,9532,257,35773,0,0,272033206
RecursiveBacktracker,256x256,1213,44,35510,0,0,216959893
RecursiveBacktracker,256x256,5556,793,35832,0,0,360533138
RecursiveBacktracker,256x256,2871,384,35908,0,0,258761601
RecursiveBacktracker,256x256,8250,9,35617,0,0,637311135
RecursiveBacktracker,256x256,2577,82,35696,0,0,842395737
RecursiveBacktracker,256x256,8678,055,35777,0,0,285190133
RecursiveBacktracker,256x256,6994,156,35447,0,0,946045069
RecursiveBacktracker,256x256,3704,681,35704,0,0,765932258
RecursiveBacktracker,256x256,6654,877,35607,0,0,732959532
RecursiveBacktracker,256x256,7617,752,35632,0,0,363926627
RecursiveBacktracker,256x256,10154,68,35677,0,0,194053752
RecursiveBacktracker,256x256,5822,144,35779,0,0,13585413
RecursiveBacktracker,256x256,8760,208,35669,0,0,860450176
RecursiveBacktracker,256x256,3814,911,35533,0,0,359133581
RecursiveBacktracker,256x256,1781,586,35772,0,0,326199101
RecursiveBacktracker,256x256,6434,356,35693,0,0,107221183
RecursiveBacktracker,256x256,3016,403,35489,0,0,934863149
RecursiveBacktracker,256x256,3062,378,35538,0,0,256524301
RecursiveBacktracker,256x256,4088,257,35675,0,0,877531233
RecursiveBacktracker,256x256,4526,184,35645,0,0,894731888
RecursiveBacktracker,256x256,5604,278,35660,0,0,227864221
RecursiveBacktracker,256x256,6725,372,35642,0,0,786567286
RecursiveBacktracker,256x256,7971,1,35786,0,0,416105844
RecursiveBacktracker,256x256,6177,887,35585,0,0,144123703
RecursiveBacktracker,256x256,3448,639,35745,0,0,192731135
RecursiveBacktracker,256x256,6754,15,35649,0,0,171543062
RecursiveBacktracker,256x256,1981,384,35876,0,0,670701196
RecursiveBacktracker,256x256,12072,54,35950,0,0,157772110
RecursiveBacktracker,256x256,7934,692,35490,0,0,263134086
RecursiveBacktracker,256x256,3722,443,35526,0,0,979859733
RecursiveBacktracker,256x256,5645,935,35577,0,0,660871169
RecursiveBacktracker,256x256,2988,159,35819,0,0,751176494
RecursiveBacktracker,256x256,4007,996,35761,0,0,830502807
RecursiveBacktracker,256x256,410,8887,35751,0,0,92207466
RecursiveBacktracker,256x256,8733,154,35814,0,0,995700409
RecursiveBacktracker,256x256,631,8359,35589,0,0,848667086
RecursiveBacktracker,256x256,3454,803,35772,0,0,554595050
RecursiveBacktracker,256x256,9960,297,35779,0,0,256692753
RecursiveBacktracker,256x256,2325,928,35551,0,0,407034171
RecursiveBacktracker,256x256,8259,003,35539,0,0,231598109
RecursiveBacktracker,256x256,8252,075,35699,0,0,752602816
RecursiveBacktracker,256x256,11002,26,35659,0,0,997224321
RecursiveBacktracker,256x256,6128,296,35420,0,0,63216469
RecursiveBacktracker,256x256,7705,963,35649,0,0,92896827
RecursiveBacktracker,256x256,8720,245,35694,0,0,222527392
RecursiveBacktracker,256x256,5835,907,35659,0,0,472402209
RecursiveBacktracker,256x256,8790,161,35797,0,0,975719813
RecursiveBacktracker,256x256,5110,168,35624,0,0,478392410
RecursiveBacktracker,256x256,2681,915,35541,0,0,302784380
RecursiveBacktracker,256x256,8324,035,35676,0,0,760373549
RecursiveBacktracker,256x256,5461,548,35618,0,0,732119554
RecursiveBacktracker,256x256,7556,549,35658,0,0,423196813
RecursiveBacktracker,256x256,3824,402,35689,0,0,560356146
RecursiveBacktracker,256x256,7234,192,35629,0,0,349596846
RecursiveBacktracker,256x256,3781,799,35592,0,0,261326131
RecursiveBacktracker,256x256,3594,574,35468,0,0,653579185
RecursiveBacktracker,256x256,47,94312,35443,0,0,103048149
RecursiveBacktracker,256x256,9330,262,35869,0,0,650100931
RecursiveBacktracker,256x256,634,2773,35789,0,0,414920530
RecursiveBacktracker,256x256,9638,458,35699,0,0,979914545
RecursiveBacktracker,256x256,8923,462,35707,0,0,641314095
RecursiveBacktracker,256x256,1763,947,35449,0,0,391176820
RecursiveBacktracker,256x256,7356,689,35591,0,0,943825911
RecursiveBacktracker,256x256,4599,182,35659,0,0,822954141
RecursiveBacktracker,256x256,3360,779,35736,0,0,865794033
RecursiveBacktracker,256x256,864,8682,35861,0,0,323224661
RecursiveBacktracker,256x256,6366,577,35574,0,0,588006601
RecursiveBacktracker,256x256,6243,164,35679,0,0,354380635
RecursiveBacktracker,256x256,3891,968,35605,0,0,921779532
RecursiveBacktracker,256x256,8176,331,35552,0,0,311602517
RecursiveBacktracker,256x256,4073,914,35920,0,0,105420615
RecursiveBacktracker,256x256,7913,818,35768,0,0,333008447
RecursiveBacktracker,256x256,8103,638,35700,0,0,259978967
RecursiveBacktracker,256x256,7791,748,35614,0,0,279155923
RecursiveBacktracker,256x256,4746,033,35553,0,0,500438930
RecursiveBacktracker,256x256,6576,965,35417,0,0,736438469
RecursiveBacktracker,256x256,777,5879,35685,0,0,443891678
RecursiveBacktracker,256x256,7133,85,35723,0,0,546235124
RecursiveBacktracker,256x256,2186,829,35891,0,0,798761613
RecursiveBacktracker,256x256,997,3145,35564,0,0,659460803
RecursiveBacktracker,256x256,7357,544,35663,0,0,973519538
RecursiveBacktracker,256x256,6614,746,35564,0,0,649469326
RecursiveBacktracker,256x256,1963,135,35636,0,0,635944435
RecursiveBacktracker,256x256,1645,508,35590,0,0,870237967
RecursiveBacktracker,256x256,2201,477,35774,0,0,424854290
RecursiveBacktracker,256x256,6234,558,35615,0,0,472080071
RecursiveBacktracker,256x256,458,8013,35559,0,0,753713381
RecursiveBacktracker,256x256,7847,107,35481,0,0,415850205
RecursiveBacktracker,256x256,497,5586,35660,0,0,643910675
RecursiveBacktracker,256x256,6424,316,35958,0,0,256166370
RecursiveBacktracker,256x256,1149,597,35630,0,0,603455706
RecursiveBacktracker,256x256,2738,464,35690,0,0,374718434
RecursiveBacktracker,256x256,9390,076,35759,0,0,265225920
Prims,16x16,0,2441406,0,91,31,458612668
Prims,16x16,0,2441406,0,91,35,501694776
Prims,16x16,0,1220703,0,89,33,527610649
Prims,16x16,0,1831055,0,94,31,454313340
Prims,16x16,0,2441406,0,86,34,253140038
Prims,16x16,0,2441406,0,102,32,542696818
Prims,16x16,0,1831055,0,109,24,783244575
Prims,16x16,0,3051758,0,85,33,137505812
Prims,16x16,0,1831055,0,88,31,506571204
Prims,16x16,0,2441406,0,91,33,380283165
Prims,16x16,0,2441406,0,97,30,727970013
Prims,16x16,0,2441406,0,85,34,892737113
Prims,16x16,0,3662109,0,107,27,777552688
Prims,16x16,0,1220703,0,95,30,225312253
Prims,16x16,0,1220703,0,99,30,308831034
Prims,16x16,0,2441406,0,80,39,199593721
Prims,16x16,0,3051758,0,83,34,893855414
Prims,16x16,0,1220703,0,85,34,330281768
Prims,16x16,0,1831055,0,99,30,247305736
Prims,16x16,0,3662109,0,92,37,285922288
Prims,16x16,0,3662109,0,78,34,39374455
Prims,16x16,0,1220703,0,104,31,457133458
Prims,16x16,0,1220703,0,105,32,285500678
Prims,16x16,0,2441406,0,98,31,693698323
Prims,16x16,0,2441406,0,99,31,9570562
Prims,16x16,0,3051758,0,88,32,942487901
Prims,16x16,0,1220703,0,105,26,461453767
Prims,16x16,0,1220703,0,90,31,17819669
Prims,16x16,0,1220703,0,79,39,986852755
Prims,16x16,0,06103516,0,91,33,62427143
Prims,16x16,0,1220703,0,92,31,14260042
Prims,16x16,0,3051758,0,101,31,353142963
Prims,16x16,0,3051758,0,98,32,83903602
Prims,16x16,0,1831055,0,88,32,144883059
Prims,16x16,0,1831055,0,94,33,600598841
Prims,16x16,0,3051758,0,80,36,140908010
Prims,16x16,0,3051758,0,101,28,992019639
Prims,16x16,0,1831055,0,96,31,18340560
Prims,16x16,0,3051758,0,97,33,660203053
Prims,16x16,0,2441406,0,99,28,40195622
Prims,16x16,0,1831055,0,93,33,721312448
Prims,16x16,0,1220703,0,92,29,468897966
Prims,16x16,0,1220703,0,112,26,981509754
Prims,16x16,0,2441406,0,90,31,853790733
Prims,16x16,0,1220703,0,109,29,428423304
Prims,16x16,0,2441406,0,103,32,643416524
Prims,16x16,0,2441406,0,114,27,436505488
Prims,16x16,0,06103516,0,98,32,282422477
Prims,16x16,0,1220703,0,98,28,133051236
Prims,16x16,0,1831055,0,80,36,397188510
Prims,16x16,0,1220703,0,90,35,284776323
Prims,16x16,0,2441406,0,109,25,27672899
Prims,16x16,0,1831055,0,108,28,851598082
Prims,16x16,0,3051758,0,101,29,69422911
Prims,16x16,0,1220703,0,100,30,222218050
Prims,16x16,0,2441406,0,94,33,970164984
Prims,16x16,0,1831055,0,102,32,413563283
Prims,16x16,0,1220703,0,115,25,528755650
Prims,16x16,0,2441406,0,98,27,744783576
Prims,16x16,0,3662109,0,105,27,95746332
Prims,16x16,0,1831055,0,97,30,341899796
Prims,16x16,0,3051758,0,100,28,142458964
Prims,16x16,0,2441406,0,107,25,696087579
Prims,16x16,0,3051758,0,99,33,331794358
Prims,16x16,0,1220703,0,89,35,690576322
Prims,16x16,0,1831055,0,104,27,552232303
Prims,16x16,0,1220703,0,89,37,705762790
Prims,16x16,0,1831055,0,92,32,123957188
Prims,16x16,0,1220703,0,104,32,112304937
Prims,16x16,0,1831055,0,104,28,110134807
Prims,16x16,0,2441406,0,95,31,418348606
Prims,16x16,0,1831055,0,99,30,206947750
Prims,16x16,0,1220703,0,97,31,387607524
Prims,16x16,0,1220703,0,92,35,757477362
Prims,16x16,0,1831055,0,96,34,126243427
Prims,16x16,0,06103516,0,89,32,324677050
Prims,16x16,0,1220703,0,97,30,522456711
Prims,16x16,0,1831055,0,89,34,507198663
Prims,16x16,0,1220703,0,101,32,124618735
Prims,16x16,0,2441406,0,100,33,918433447
Prims,16x16,0,1831055,0,80,38,307621611
Prims,16x16,0,1831055,0,86,34,466207901
Prims,16x16,0,2441406,0,99,30,175995579
Prims,16x16,0,3051758,0,92,35,334301265
Prims,16x16,0,2441406,0,89,35,655045904
Prims,16x16,0,1831055,0,98,36,807528725
Prims,16x16,0,3051758,0,112,29,64804534
Prims,16x16,0,1831055,0,79,37,717604124
Prims,16x16,0,1220703,0,105,28,54715210
Prims,16x16,0,3051758,0,77,38,514008615
Prims,16x16,0,1831055,0,99,31,247591765
Prims,16x16,0,1831055,0,94,34,523596418
Prims,16x16,0,2441406,0,111,24,754254215
Prims,16x16,0,1831055,0,87,33,648007653
Prims,16x16,0,1220703,0,106,27,262814034
Prims,16x16,0,1220703,0,111,26,80612782
Prims,16x16,0,1831055,0,101,29,19154316
Prims,16x16,0,1220703,0,101,28,758549161
Prims,16x16,0,1220703,0,106,28,437487926
Prims,16x16,0,4272461,0,103,27,530677270
Prims,32x32,1,525879,276,248,3,531064985
Prims,32x32,0,6713867,289,237,5,590287887
Prims,32x32,0,4882813,286,230,5,399389436
Prims,32x32,0,6713867,287,244,5,154663932
Prims,32x32,0,6713867,273,243,3,861251465
Prims,32x32,0,2441406,256,236,10,101914830
Prims,32x32,1,708984,279,237,9,149059972
Prims,32x32,1,342773,314,237,3,800512348
Prims,32x32,0,2441406,283,247,4,372545
Prims,32x32,1,159668,301,234,6,861542362
Prims,32x32,0,7324219,271,244,7,410826510
Prims,32x32,1,281738,280,236,6,314564987
Prims,32x32,0,6713867,271,247,6,71065771
Prims,32x32,0,3051758,263,240,5,828042717
Prims,32x32,1,281738,263,239,7,568882600
Prims,32x32,0,8544922,276,239,6,782537322
Prims,32x32,0,5493164,288,236,4,923512347
Prims,32x32,1,220703,262,265,3,88952532
Prims,32x32,0,5493164,280,215,8,205920224
Prims,32x32,0,6103516,265,239,8,969769824
Prims,32x32,0,5493164,263,251,6,8167893
Prims,32x32,1,464844,287,240,6,266194324
Prims,32x32,0,9155273,299,235,8,189603914
Prims,32x32,1,281738,288,219,7,287756987
Prims,32x32,0,3662109,269,245,4,4517281
Prims,32x32,0,6713867,282,234,5,329908898
Prims,32x32,0,3051758,276,256,4,203976532
Prims,32x32,1,220703,275,233,6,496669409
Prims,32x32,0,4272461,303,237,5,233126734
Prims,32x32,0,3662109,277,228,7,128301953
Prims,32x32,1,159668,280,241,4,93253273
Prims,32x32,0,8544922,281,232,8,235753292
Prims,32x32,0,793457,303,237,6,431602040
Prims,32x32,1,037598,267,242,6,24728422
Prims,32x32,1,098633,293,235,7,611085367
Prims,32x32,0,9155273,261,255,3,467006592
Prims,32x32,0,4272461,278,250,2,886057041
Prims,32x32,0,6103516,276,230,7,755799024
Prims,32x32,1,281738,291,236,5,23465407
Prims,32x32,0,6103516,265,232,5,566910621
Prims,32x32,0,4272461,286,240,5,631503229
Prims,32x32,0,4882813,263,262,3,832219139
Prims,32x32,1,098633,257,246,6,899306056
Prims,32x32,0,793457,255,252,5,807495446
Prims,32x32,0,6713867,268,261,2,169282462
Prims,32x32,1,525879,259,241,3,632378170
Prims,32x32,1,037598,277,247,3,348285433
Prims,32x32,0,5493164,254,258,5,515451802
Prims,32x32,0,6103516,253,252,3,96375255
Prims,32x32,0,8544922,280,240,5,936744020
Prims,32x32,1,098633,253,254,3,432142211
Prims,32x32,0,4272461,291,244,3,665805539
Prims,32x32,1,281738,298,241,4,303083993
Prims,32x32,0,8544922,242,243,3,816061356
Prims,32x32,1,098633,301,234,6,105269112
Prims,32x32,0,3051758,265,264,3,37463283
Prims,32x32,1,098633,264,249,4,191006130
Prims,32x32,0,8544922,264,235,6,287013203
Prims,32x32,0,6713867,275,236,5,576875706
Prims,32x32,0,5493164,284,251,3,606601438
Prims,32x32,0,793457,263,242,7,872123923
Prims,32x32,0,8544922,280,233,7,894934453
Prims,32x32,1,281738,273,236,6,678177917
Prims,32x32,1,098633,271,232,9,83101662
Prims,32x32,1,281738,286,244,5,841452863
Prims,32x32,0,3051758,262,252,3,7641015
Prims,32x32,0,7324219,266,239,6,26118193
Prims,32x32,0,4882813,267,255,2,886380726
Prims,32x32,0,9765625,299,244,3,979723306
Prims,32x32,1,037598,301,247,4,236803159
Prims,32x32,0,9765625,264,266,1,3540634
Prims,32x32,1,098633,256,248,3,28746018
Prims,32x32,1,098633,257,241,6,475290550
Prims,32x32,0,9155273,302,247,2,723996234
Prims,32x32,0,4272461,273,261,3,84829752
Prims,32x32,1,281738,298,236,5,596448491
Prims,32x32,1,403809,291,247,4,681707826
Prims,32x32,0,793457,274,230,4,689154309
Prims,32x32,1,159668,264,234,8,399889671
Prims,32x32,0,2441406,254,256,4,992417921
Prims,32x32,1,220703,280,255,2,596220869
Prims,32x32,1,220703,269,246,2,521183822
Prims,32x32,1,098633,276,250,2,442457411
Prims,32x32,1,037598,275,244,7,381267099
Prims,32x32,0,4882813,243,244,7,386281769
Prims,32x32,1,159668,265,237,5,147837108
Prims,32x32,0,3662109,291,251,4,631104798
Prims,32x32,0,9155273,263,227,6,641798976
Prims,32x32,0,7324219,264,248,4,496130557
Prims,32x32,0,3662109,298,239,5,773196305
Prims,32x32,0,9155273,253,244,3,161108520
Prims,32x32,0,793457,288,243,4,195353713
Prims,32x32,0,3051758,302,234,5,308197076
Prims,32x32,1,098633,268,248,7,124503593
Prims,32x32,1,098633,271,230,5,649915123
Prims,32x32,0,3051758,264,239,5,202970533
Prims,32x32,1,037598,310,240,3,789743497
Prims,32x32,0,793457,256,243,7,248785965
Prims,32x32,1,403809,263,246,5,621443840
Prims,32x32,0,6713867,274,246,4,436654740
Prims,64x64,4,577637,1979,137,0,708752607
Prims,64x64,1,403809,1991,119,0,288554814
Prims,64x64,2,685547,1934,125,0,338615087
Prims,64x64,6,408691,1991,127,0,202306557
Prims,64x64,3,417969,2001,119,0,695236114
Prims,64x64,3,90625,1930,134,0,158914997
Prims,64x64,6,286621,2012,125,0,158838585
Prims,64x64,6,469727,1933,131,0,993500504
Prims,64x64,3,90625,1966,134,0,214503228
Prims,64x64,4,272461,2028,117,0,853815984
Prims,64x64,4,150391,1980,124,0,674762819
Prims,64x64,1,831055,1991,112,1,743516681
Prims,64x64,1,159668,2011,114,0,167896544
Prims,64x64,2,624512,1990,120,0,246517720
Prims,64x64,4,333496,2004,123,0,940232373
Prims,64x64,4,394531,1940,144,0,668609913
Prims,64x64,5,67627,2009,132,0,560459337
Prims,64x64,2,075195,1965,129,0,72024265
Prims,64x64,5,432129,1936,131,0,76712792
Prims,64x64,6,164551,1967,131,0,154181798
Prims,64x64,5,126953,1982,134,0,880148786
Prims,64x64,3,967285,1942,130,1,792045428
Prims,64x64,4,455566,1946,133,1,131295877
Prims,64x64,2,929688,1962,127,1,931987444
Prims,64x64,6,530762,2060,109,0,906708066
Prims,64x64,0,8544922,2013,121,0,223048803
Prims,64x64,2,563477,1996,121,0,68549347
Prims,64x64,5,310059,1958,123,0,849156208
Prims,64x64,2,258301,1966,119,0,121271530
Prims,64x64,3,295898,1972,121,0,342346429
Prims,64x64,2,563477,1951,116,0,329962909
Prims,64x64,7,141113,1986,129,0,966623428
Prims,64x64,4,150391,2003,118,0,709475375
Prims,64x64,3,723145,1996,135,0,117530118
Prims,64x64,1,708984,1984,117,0,680100192
Prims,64x64,4,882813,2031,106,0,345849829
Prims,64x64,2,01416,2064,105,0,702141572
Prims,64x64,6,958008,2016,115,0,810181396
Prims,64x64,3,295898,1965,134,0,986481729
Prims,64x64,6,591797,1985,119,0,837071761
Prims,64x64,2,807617,1930,122,1,106061586
Prims,64x64,3,051758,1980,130,1,513796745
Prims,64x64,2,868652,1987,117,0,871277781
Prims,64x64,3,417969,2013,124,0,775810962
Prims,64x64,4,882813,2002,126,0,771103819
Prims,64x64,1,281738,1977,123,0,471949045
Prims,64x64,0,8544922,1976,128,0,505914102
Prims,64x64,0,9765625,1996,113,0,607445096
Prims,64x64,2,319336,2023,122,0,30624160
Prims,64x64,3,967285,1943,132,1,566225104
Prims,64x64,1,037598,2007,129,0,493996755
Prims,64x64,3,051758,1930,124,0,380870794
Prims,64x64,0,793457,1962,125,1,479725872
Prims,64x64,1,831055,1945,139,0,518400033
Prims,64x64,4,211426,2028,119,0,700213442
Prims,64x64,3,356934,2011,121,0,795190078
Prims,64x64,3,417969,1996,122,1,164043847
Prims,64x64,1,342773,2001,118,0,86049270
Prims,64x64,4,821777,1964,124,0,126375515
Prims,64x64,3,723145,1928,142,0,34192972
Prims,64x64,1,403809,1986,123,0,148973653
Prims,64x64,5,493164,1981,133,0,760688493
Prims,64x64,3,112793,1934,132,1,526594243
Prims,64x64,3,356934,2025,114,0,699571472
Prims,64x64,5,187988,1904,149,0,647942989
Prims,64x64,1,037598,2030,114,0,203713443
Prims,64x64,3,601074,2028,112,0,801178236
Prims,64x64,4,516602,2017,122,1,273762959
Prims,64x64,2,197266,1974,133,0,812383496
Prims,64x64,1,953125,1951,126,1,113047746
Prims,64x64,2,258301,2024,122,0,311486259
Prims,64x64,2,441406,2004,134,0,88015123
Prims,64x64,1,77002,1952,134,0,256961636
Prims,64x64,4,638672,1966,131,0,703401847
Prims,64x64,3,90625,2010,121,0,503509680
Prims,64x64,1,586914,1960,128,0,780960329
Prims,64x64,2,929688,1894,133,0,481768928
Prims,64x64,2,380371,1992,123,0,826460471
Prims,64x64,5,126953,2009,113,0,93886626
Prims,64x64,3,112793,1962,131,0,273370051
Prims,64x64,4,699707,1969,135,1,537116354
Prims,64x64,4,089355,1985,121,0,553885305
Prims,64x64,3,845215,1931,134,0,122217945
Prims,64x64,2,929688,1955,125,0,472018266
Prims,64x64,1,525879,1988,122,1,461673693
Prims,64x64,1,525879,1976,121,0,675144536
Prims,64x64,3,112793,2030,117,0,409944387
Prims,64x64,4,882813,2011,108,1,93089762
Prims,64x64,3,540039,1971,131,0,807263791
Prims,64x64,6,530762,2040,117,0,285383510
Prims,64x64,2,624512,2021,129,0,28360838
Prims,64x64,3,234863,1998,116,0,935909400
Prims,64x64,2,990723,1959,138,0,471105215
Prims,64x64,4,943848,2008,115,0,944718136
Prims,64x64,0,9765625,1951,125,0,785859461
Prims,64x64,4,211426,1996,118,1,429571303
Prims,64x64,4,760742,1983,125,0,653650452
Prims,64x64,2,746582,1916,149,0,598435793
Prims,64x64,3,845215,2024,125,0,768038093
Prims,64x64,4,089355,1941,138,0,888446120
Prims,128x128,15,19775,8463,17,0,595442407
Prims,128x128,100,769,8443,7,0,127410756
Prims,128x128,21,1792,8372,15,0,44095135
Prims,128x128,4,089355,8496,8,0,176473397
Prims,128x128,21,3623,8425,14,0,418574038
Prims,128x128,18,49365,8507,10,0,524536487
Prims,128x128,18,37158,8359,15,0,54878324
Prims,128x128,15,625,8400,13,0,134704887
Prims,128x128,5,310059,8350,16,0,304389508
Prims,128x128,13,79395,8411,9,0,455227958
Prims,128x128,8,422852,8485,13,0,26470681
Prims,128x128,24,35303,8428,18,0,372684041
Prims,128x128,15,01465,8511,6,0,494293660
Prims,128x128,5,432129,8506,11,0,671505838
Prims,128x128,8,117676,8479,13,0,457153469
Prims,128x128,19,04297,8438,7,0,678284873
Prims,128x128,11,84082,8431,15,0,823948017
Prims,128x128,10,74219,8459,12,0,932265124
Prims,128x128,10,92529,8560,15,0,115413028
Prims,128x128,23,25439,8420,14,0,788137054
Prims,128x128,23,31543,8465,8,0,37963142
Prims,128x128,4,577637,8340,15,0,886670763
Prims,128x128,5,249023,8479,5,0,704821025
Prims,128x128,21,48438,8389,11,0,826955747
Prims,128x128,27,09961,8500,18,0,181530739
Prims,128x128,13,12256,8443,11,0,389662009
Prims,128x128,23,37646,8519,15,0,20652964
Prims,128x128,9,521484,8516,10,0,272739307
Prims,128x128,12,08496,8490,15,0,534560488
Prims,128x128,5,187988,8425,9,0,196161343
Prims,128x128,3,295898,8463,15,0,179301693
Prims,128x128,16,11328,8405,14,0,313567151
Prims,128x128,18,67676,8480,15,0,101368125
Prims,128x128,17,39502,8358,16,0,905172050
Prims,128x128,14,46533,8499,13,0,293395108
Prims,128x128,109,7412,8563,7,0,473204120
Prims,128x128,10,55908,8467,13,0,436097645
Prims,128x128,14,95361,8314,20,0,522330202
Prims,128x128,14,83154,8459,11,0,751787378
Prims,128x128,7,8125,8403,15,0,102652931
Prims,128x128,12,39014,8543,12,0,368591660
Prims,128x128,15,74707,8517,15,0,463870565
Prims,128x128,25,02441,8462,19,0,92359939
Prims,128x128,12,75635,8566,12,0,113495329
Prims,128x128,7,141113,8262,24,0,392926954
Prims,128x128,21,05713,8476,14,0,473289606
Prims,128x128,14,28223,8479,13,0,586510082
Prims,128x128,19,53125,8430,7,0,883059831
Prims,128x128,17,76123,8452,18,0,546617554
Prims,128x128,19,83643,8473,15,0,288831433
Prims,128x128,3,967285,8539,7,0,831937205
Prims,128x128,6,164551,8550,14,0,233746108
Prims,128x128,16,05225,8409,16,0,160223738
Prims,128x128,25,93994,8443,13,0,603223631
Prims,128x128,19,89746,8468,11,0,377169079
Prims,128x128,3,601074,8500,18,0,939816825
Prims,128x128,7,202148,8490,13,0,214328546
Prims,128x128,16,05225,8480,7,0,494516034
Prims,128x128,15,31982,8500,18,0,162728728
Prims,128x128,12,02393,8479,21,0,94336207
Prims,128x128,17,63916,8475,16,0,159839926
Prims,128x128,10,13184,8503,3,0,178895921
Prims,128x128,17,39502,8519,10,0,752091639
Prims,128x128,7,873535,8378,6,0,170849705
Prims,128x128,22,15576,8472,8,0,321396735
Prims,128x128,12,45117,8385,15,0,568384283
Prims,128x128,27,28271,8524,10,0,899235073
Prims,128x128,98,14453,8413,17,0,960621928
Prims,128x128,26,42822,8401,16,0,30010504
Prims,128x128,11,96289,8373,20,0,235967178
Prims,128x128,14,4043,8424,11,0,605755729
Prims,128x128,15,80811,8416,13,0,792672333
Prims,128x128,16,41846,8387,14,0,236144646
Prims,128x128,20,99609,8491,12,0,149880503
Prims,128x128,21,24023,8412,15,0,361774742
Prims,128x128,22,76611,8398,21,0,657949852
Prims,128x128,11,04736,8485,12,0,131045673
Prims,128x128,11,16943,8354,12,0,846232340
Prims,128x128,20,01953,8444,9,0,890739317
Prims,128x128,10,98633,8484,9,0,819325311
Prims,128x128,5,615234,8497,9,0,519074853
Prims,128x128,19,28711,8534,11,0,558967320
Prims,128x128,4,333496,8403,14,0,265083184
Prims,128x128,18,79883,8454,14,0,86096446
Prims,128x128,16,72363,8507,12,0,954200274
Prims,128x128,13,30566,8408,11,0,44676458
Prims,128x128,11,47461,8370,15,0,55921587
Prims,128x128,20,75195,8426,7,0,568557309
Prims,128x128,8,483887,8458,11,0,559938656
Prims,128x128,20,01953,8492,13,0,830602583
Prims,128x128,16,29639,8401,17,0,88270811
Prims,128x128,12,45117,8496,16,0,216863545
Prims,128x128,14,52637,8501,13,0,24682296
Prims,128x128,8,178711,8463,16,0,464528436
Prims,128x128,20,69092,8367,13,0,225433123
Prims,128x128,24,35303,8389,17,0,924956460
Prims,128x128,36,43799,8484,8,0,518883732
Prims,128x128,93,32275,8411,11,0,544340708
Prims,128x128,16,6626,8404,10,0,470579871
Prims,128x128,5,432129,8477,14,0,635151977
Prims,256x256,43,396,33749,0,0,243047061
Prims,256x256,78,73535,33909,0,0,655668220
Prims,256x256,130,3711,33912,0,0,928100284
Prims,256x256,83,19092,33995,2,0,883296184
Prims,256x256,143,0054,33785,0,0,183923152
Prims,256x256,30,27344,34080,0,0,658199832
Prims,256x256,28,19824,33924,0,0,126086242
Prims,256x256,78,30811,33843,0,0,94113143
Prims,256x256,50,90332,34086,0,0,321668828
Prims,256x256,91,30859,34035,0,0,375344549
Prims,256x256,53,89404,33723,1,0,979551106
Prims,256x256,209,6558,33792,1,0,35798932
Prims,256x256,49,62158,34232,0,0,910121546
Prims,256x256,38,45215,33853,0,0,886755321
Prims,256x256,73,91357,34032,0,0,345662409
Prims,256x256,240,6006,33766,2,0,960844821
Prims,256x256,122,9248,34065,0,0,490428125
Prims,256x256,101,7456,34024,0,0,137137247
Prims,256x256,276,9165,33997,0,0,184315599
Prims,256x256,51,51367,33970,1,0,237058124
Prims,256x256,73,73047,33993,0,0,38273371
Prims,256x256,126,9531,33891,0,0,355904588
Prims,256x256,233,8867,33963,0,0,924100952
Prims,256x256,89,35547,34081,0,0,673980759
Prims,256x256,50,59814,34144,0,0,17032393
Prims,256x256,109,1919,33906,0,0,793422073
Prims,256x256,87,21924,33879,0,0,209062490
Prims,256x256,8,239746,34108,1,0,270124816
Prims,256x256,190,979,33980,0,0,646310571
Prims,256x256,77,51465,33631,1,0,407305571
Prims,256x256,87,58545,34110,0,0,258233876
Prims,256x256,30,51758,33843,1,0,259003786
Prims,256x256,107,5439,33945,0,0,233811766
Prims,256x256,190,1855,33729,0,0,869574959
Prims,256x256,32,2876,33727,0,0,875232083
Prims,256x256,108,4595,34031,0,0,815222274
Prims,256x256,114,3799,34019,1,0,423575303
Prims,256x256,248,3521,33938,0,0,757915714
Prims,256x256,30,0293,34115,0,0,116398388
Prims,256x256,105,957,33674,0,0,18745786
Prims,256x256,8,178711,33857,0,0,85989427
Prims,256x256,53,77197,33796,0,0,300317369
Prims,256x256,53,28369,33852,1,0,359818315
Prims,256x256,24,84131,34031,0,0,303651417
Prims,256x256,28,56445,34117,0,0,160189412
Prims,256x256,161,6211,34053,0,0,421532687
Prims,256x256,70,49561,33867,0,0,79377894
Prims,256x256,36,9873,33839,0,0,93936867
Prims,256x256,142,0288,33966,0,0,24436223
Prims,256x256,116,1499,33901,0,0,236734399
Prims,256x256,198,6084,33868,0,0,968837211
Prims,256x256,61,03516,33904,0,0,732306365
Prims,256x256,99,24316,34033,0,0,13223682
Prims,256x256,55,29785,34073,0,0,410570054
Prims,256x256,269,7754,33803,0,0,658676900
Prims,256x256,118,8354,33967,0,0,661511517
Prims,256x256,145,6909,33930,0,0,830577224
Prims,256x256,100,8911,33927,0,0,684380407
Prims,256x256,134,2163,33952,1,0,255514459
Prims,256x256,91,55273,33907,0,0,870182430
Prims,256x256,122,0703,34038,0,0,379449770
Prims,256x256,78,125,33928,0,0,219554248
Prims,256x256,12,81738,34000,0,0,322317076
Prims,256x256,282,1045,33834,0,0,876210306
Prims,256x256,79,83398,33786,0,0,940131637
Prims,256x256,60,18066,33936,0,0,13723425
Prims,256x256,20,75195,33939,0,0,472627493
Prims,256x256,42,60254,33925,1,0,182481547
Prims,256x256,1131,592,33993,0,0,584270798
Prims,256x256,957,6416,33851,0,0,552216445
Prims,256x256,666,748,33950,0,0,481675175
Prims,256x256,679,6265,33482,0,0,391398563
Prims,256x256,912,9028,33954,0,0,805380394
Prims,256x256,223,999,33817,2,0,592603879
Prims,256x256,747,9858,33988,0,0,997924861
Prims,256x256,629,6997,33851,0,0,660183171
Prims,256x256,778,9307,33903,0,0,237188867
Prims,256x256,474,0601,33779,0,0,282872352
Prims,256x256,245,9106,33950,0,0,583902209
Prims,256x256,598,2666,33930,0,0,684914828
Prims,256x256,523,6816,34037,0,0,500176461
Prims,256x256,173,5229,33997,0,0,760572757
Prims,256x256,642,2729,33765,0,0,82944874
Prims,256x256,625,7935,33876,0,0,550371651
Prims,256x256,553,4058,33830,0,0,148782676
Prims,256x256,508,8501,33914,0,0,86739778
Prims,256x256,158,8135,33983,0,0,143541222
Prims,256x256,160,2783,33856,0,0,353996911
Prims,256x256,240,2954,33915,0,0,275456972
Prims,256x256,719,4824,34091,0,0,780902234
Prims,256x256,442,2607,33903,0,0,266709290
Prims,256x256,419,3115,33944,0,0,620661789
Prims,256x256,274,1089,33956,0,0,781485567
Prims,256x256,280,5176,33862,0,0,233834933
Prims,256x256,672,5464,33928,0,0,16596112
Prims,256x256,655,3955,33818,0,0,871911168
Prims,256x256,762,0239,33940,0,0,159600793
Prims,256x256,196,106,33982,0,0,707467511
Prims,256x256,677,2461,33706,0,0,427610198
Prims,256x256,716,0034,33835,1,0,92637778
